{
  "scopeName": "source.mylang",
  "fileTypes": [".mylang"],
  "name": "mylang",
  "patterns": [
    {
      "name": "Special Argument Placeholders",
      "match": "\\[\\\\[nt\\d]\\]",
      "scope": "constant.character.escape.mylang"
    },
    {
      "name": "comment.line.number-sign.mylang",
      "match": "#.*$"
    },
    {
      "name": "keyword.control.mylang",
      "match": "\\b(INIT|REPLACE|REPLACEALL|COPY|COPYALL|REPLICATE|DELETE|DELETEALL|RENAME|RUN|PROPS|CREATE|NEXT|GET|PARAM|ADD|IF|CLEAR|SILENT|INFO|ZIP|UNZIP)\\b"
    },
    {
      "name": "string.quoted.double.mylang",
      "begin": "\"",
      "end": "\"",
      "patterns": [
        {
          "match": "\\\\.",
          "name": "constant.character.escape.mylang"
        },
        {
          "match": "''",
          "name": "constant.character.escape.quote.mylang"
        }
      ]
    }
  ]
}